SMILES,Avg_T_half,Sem_T_half,Norm_T_half,Norm_Sem_T_half
Cc(ccc1c2[nH]c3c(C(C(O)=O)NCC3)n2)c4c1cccn4,,,4.3,
Clc(cc1)cc2c1occ(/C=C3C(NN(c4ccccc4)C/3=O)=O)c2=O,,,4.3,
COc(cc1)cc2c1c(ccc(OCc3[nH]nnn3)c4C)c4oc2=O,,,4.3,
Oc1c(\C=C2/C(=O)NN(C2=O)c2ccc(Cl)cc2)cc(Br)cc1[N+]([O-])=O,,,4.3,
OC(=O)c1ccc(cc1)N1NC(=O)\C(=C/c2ccc(o2)[N+]([O-])=O)C1=O,,,4.3,
CCOC(=O)c1ccc(cc1)N1N=C(O)\C(=C/c2ccc(o2)[N+]([O-])=O)C1=O,57,,3.5625,
Cc1c(OCc2nnn[nH]2)ccc2c3ccccc3c(=O)oc12,54.5,0,3.516129032,0.024404855
Brc1ccc(\C=C2/C(=O)NN(C2=O)c2ccccc2)o1,60.91666667,5.083333333,3.097457627,0.26375231
Cc1cccc2c(c[nH]c12)-c1nc2C(NCCc2[nH]1)C(O)=O,46.58333333,0.083333333,3.005376344,0.02154151
Brc1ccc2occ(\C=C\C=C3C(=O)NC(=S)NC3=O)c(=O)c2c1,42.66666667,0.166666667,2.708994709,0.017816357
CCOC(=O)c1ccc(cc1)N1NC(=O)\C(=C\c2ccc(C=O)cc2)C1=O,41.75,7.083333333,2.650793651,0.449954093
O=C1NC(=S)NC(=O)C1=C\C=C\c1coc2ccccc2c1=O,40.16666667,0.5,2.55026455,0.034494696
COC(Nc1ccc(c2[nH]c3c(C(C(O)=O)NCC3)n2)cc1)=O,31.72222222,0.65499034,2.403198653,0.052680527
CCCOc1ccccc1\C=C1\C(=O)NN(C1=O)c1ccc(I)cc1,37.16666667,0.666666667,2.35978836,0.044131108
Cc1ccc(-c2nc3C(NCCc3[nH]2)C(O)=O)c2cccnc12,46.08333333,0.583333333,2.343220339,0.049569191
Cl.Cl.COc1ccc(Cl)cc1-c1nc2C(NCCc2[nH]1)C(O)=O,43.66666667,1,2.220338983,0.063258963
OC(C1NCCc2c1nc(c3cc(F)cc(F)c3)[nH]2)=O,28.16666667,0.5,2.133838384,0.041007392
CCc1ccc(cc1)N1NC(=O)\C(=C/c2ccc(O)cc2)C1=O,32.08333333,7.583333333,2.005208333,0.473958333
COc1ccc(c2[nH]c3c(C(C(O)=O)NCC3)n2)cc1,26.27777778,0.529966223,1.990740741,0.042740501
COc1ccc2c3ccc(OCc4nnn[nH]4)cc3oc(=O)c2c1,38.75,0.416666667,1.970338983,0.03954908
Fc1ccc2occ(\C=C\C=C3C(=O)NC(=S)NC3=O)c(=O)c2c1,30,0.333333333,1.904761905,0.023441075
Cl.Cl.COC(=O)Nc1ccc(cc1)-c1nc2C(NCCc2[nH]1)C(O)=O,37.41666667,0.083333333,1.902542373,0.032523686
Cc(c(OCc1n[nH]nn1)cc2)c3c2c(cccc4)c4c(=O)o3,33.3335,0.1665,1.764704325,0.03737656
COc1ccc(\C=C2/C(=O)NN(C2=O)c2ccc(C)cc2)cc1,27.5,0,1.746031746,0.009238263
COc1ccc2c3ccc(OCC(O)=O)c(C)c3oc(=O)c2c1,33.75,0.583333333,1.716101695,0.041542733
OC(C1NCCc2c1nc(c3c(F)cccc3)[nH]2)=O,21.44444,0.30932,1.624579,0.026309
CCc1ccc(\C=C2/C(=O)NN(C2=O)c2ccc(I)cc2)cc1,25.08333333,0.583333333,1.592592593,0.037983504
NC(=O)c1ccc2nc(CN3CCCCCCC3)cc(O)c2c1,24.58333333,0.25,1.586021505,0.019527634
OC1=NN(C(=O)\C1=C/c1ccco1)c1ccccc1,31.16666667,0.166666667,1.584745763,0.028165285
[O-][N+](=O)c1ccc(\C=C\C=C2/C(=O)NN(C2=O)c2ccccc2)o1,25.25,0.083333333,1.578125,0.005208333
Cc1nc(O)c(Cl)c(n1)-c1c[nH]c2c(C)cccc12,30.66666667,0.666666667,1.559322034,0.042983683
[O-][N+](=O)c1ccc(\C=C2/C(=O)NN(C2=O)c2ccccc2)cc1,24.25,0.416666667,1.53968254,0.027680921
OC(=O)c1ccc(cc1)N1C(=O)C\C(=C\c2coc3ccccc3c2=O)C1=O,24.25,0.416666667,1.53968254,0.027680921
Cl.Cl.COc1ccc(-c2nc3C(NCCc3[nH]2)C(O)=O)c(OC)c1,30,0.333333333,1.525423729,0.030914983
Oc1cccc(NC(=O)C(=O)C2C(=O)Nc3ccccc3S2=O)c1,23.41666667,0.25,1.510752688,0.019237966
OC1=NN(C(=O)\C1=C/c1ccc(o1)[N+]([O-])=O)c1ccc(Br)cc1,,,1.5,
OC1=NN(C(=O)\C1=C/c1ccco1)c1ccccc1,23.91666667,0.25,1.494791667,0.015625
[O-]C(=O)C1[NH2+]CCc2c1[nH]c1ccccc21,29.25,0.083333333,1.487288136,0.025561918
[O-][N+](=O)c1ccc(Cn2cc(\C=C3/C(=O)NN(C3=O)c3ccccc3)c3ccccc23)cc1,23.16666667,0,1.470899471,0.007782537
Cc1cccc2c(c[nH]c12)-c1ccc(CC(O)=O)cn1,28.83333333,0,1.466101695,0.024849181
Cc1ccc(\C=C2\C(=O)NN(C2=O)c2ccc(F)cc2)o1,23.08333333,0.416666667,1.442708333,0.026041667
Cc1cccc2c(c[nH]c12)-c1cncc(n1)C(=O)N1CCOCC1,28.08333333,0.916666667,1.427966102,0.052519369
COc1ccc(\C=C2/C(=O)NN(C2=O)c2ccc(Br)cc2)cc1,22.66666667,0.166666667,1.416666667,0.010416667
COc1ccc(\C=C2\C(O)=NN(C2=O)c2ccccc2)cc1,22.66666667,0.333333333,1.416666667,0.020833333
COc1ccc(nc1-c1c[nH]c2c(C)cccc12)C(O)=O,27.83333333,0.166666667,1.415254237,0.025440359
Cl.Cl.NC(=O)c1ccc(cc1)-c1nc2C(NCCc2[nH]1)C(O)=O,27.75,0.75,1.411016949,0.045014182
Cc1ccc(cc1)N1N=C(O)\C(=C\C=C\c2ccccc2Cl)C1=O,22.16666667,0.166666667,1.407407407,0.012939505
NC(c1ccc(c2[nH]c3c(C(C(O)=O)NCC3)n2)cc1)=O,18.55555556,0.146986184,1.405723906,0.015202136
[O-][N+](=O)c1ccc(OCc2ccc(F)cc2)c(\C=C2/C(=O)NN(C2=O)c2ccccc2)c1,22,0.166666667,1.396825397,0.012907365
[O-][N+](=O)c1ccc(\C=C2\C(=O)NN(C2=O)c2ccccc2)cc1,27.41666667,0.083333333,1.394067797,0.0240052
Cc1nc2ccccn2c1C(=O)NCc1nccnc1-c1ccco1,21.58333333,0.083333333,1.392473118,0.011059645
Cc1c(OCC(N)=O)ccc2c3CCCc3c(=O)oc12,27.33333333,0,1.389830508,0.023556449
Clc1ccccc1\C=C\C=C1/C(=O)NN(C1=O)c1ccccc1,21.75,0.25,1.380952381,0.017473964
Cl.Cl.CC(C)(C)\C=C\c1nc2C(NCCc2[nH]1)C(O)=O,27.08333333,0.25,1.377118644,0.026578064
CNC(=O)c1ccc(cc1)-c1c[nH]c2c(C)cccc12,26.91666667,0.083333333,1.368644068,0.023581179
CC1CC(C(N)=O)c2ccccc2N1C(=O)Cc1noc2ccccc12,22.33333333,0.833333333,1.360406091,0.06727274
COC(=O)c1ccc(cc1)N1NC(=O)\C(=C/c2ccc(OC)cc2)C1=O,21.25,0.25,1.349206349,0.017404398
Cl.COc1ccc(cn1)-c1nc2C(NCCc2[nH]1)C(O)=O,26.33333333,0.166666667,1.338983051,0.024225288
Cc1c2oc(=O)cc(c3ccc(OC)cc3)c2ccc1OCc4nnn[nH]4,24.94433333,0.055666667,1.320574585,0.027340224
COc1cccc(\C=C2/C(=O)NN(C2=O)c2ccccc2)c1OC,25.91666667,0.416666667,1.31779661,0.030785409
Cc1ccc2[nH]c3C(NCCc3c2c1)C(O)=O,25.83333333,1.166666667,1.313559322,0.063362266
O=C1NN(C(=O)\C1=C\c1coc2ccccc2c1=O)c1ccccc1,55.25,1.583333333,1.3,0.145703115
Cc1cccc2c(c[nH]c12)C1=CCNCC1,27.5,0,1.294117647,0.035524798
COC(=O)c1ccc(cc1)-c1ccc(\C=C2/C(=O)NN(C2=O)c2ccc(F)cc2)o1,20.33333333,0.833333333,1.291005291,0.053349155
O=c1cc(c2ccccc2)c3ccc(OCc4nnn[nH]4)c(C)c3o1,24.33333333,0.192546387,1.288227716,0.028407072
CN(C)c1ccc(\C=C2/C(=O)NN(C2=O)c2ccc(C)cc2)cc1,20.58333333,0.25,1.286458333,0.015625
Fc1ccccc1-c1ccc(\C=C2\C(=O)NN(C2=O)c2cccc(Br)c2)o1,20.25,0.083333333,1.285714286,0.008618106
COc1ccccc1OCc1nnn[nH]1,25.25,0.25,1.283898305,0.025201827
[O-][N+](=O)c1ccc(OCc2ccccc2F)c(\C=C2/C(=O)NN(C2=O)c2ccccc2)c1,20.16666667,0,1.28042328,0.006774726
CC1CCc2c(C1)c1ccc(OCc3nnn[nH]3)c(C)c1oc2=O,25.16666667,0,1.279661017,0.02168917
Fc1ccc(OCc2nnn[nH]2)c(F)c1,25.08333333,0.083333333,1.275423729,0.02202872
O=C1NC(=S)S\C1=C/c1coc2ccccc2c1=O,27,0,1.270588235,0.034878893
Clc1ccccc1OCc1nnn[nH]1,24.66666667,0.166666667,1.254237288,0.022885192
COc1ccc(OCCOc2c(Cl)cc(\C=C3/C(=O)NN(C3=O)c3ccccc3)cc2OC)cc1,19.58333333,0.083333333,1.243386243,0.008442444
Cc1c(OCC(N)=O)ccc2c(C)c(C)c(=O)oc12,26.41666667,0.416666667,1.243137255,0.039357415
OC(=O)[C@H]1NCCc2ccccc12,26.33333333,0.5,1.239215686,0.041362255
COc1cc(Cl)cc(\C=C2/C(=O)NN(C2=O)c2ccccc2)c1O,19.5,0.333333333,1.238095238,0.022154646
CCOc1ccc(\C=C2/C(=O)NN(C2=O)c2ccc(Br)cc2)cc1,19.5,0.333333333,1.238095238,0.022154646
OC1=NN(C(=O)\C1=C\c1ccc2OCOc2c1)c1ccccc1,24.16666667,0.333333333,1.228813559,0.026852415
Fc1ccccc1OCc1nnn[nH]1,24.16666667,0.833333333,1.228813559,0.047214823
CCc1c(C)c2ccc(OCc3nnn[nH]3)c(C)c2oc1=O,24.08333333,0.25,1.224576271,0.02433893
OC(=O)[C@H]1NCCc2ccccc12,26,0.166666667,1.223529412,0.034490678
Cc1c(OCc2nnn[nH]2)ccc2c(C)c(C)c(=O)oc12,23.91666667,0.416666667,1.216101695,0.029558677
Cc1cccc2c(c[nH]c12)-c1nc(n[nH]1)C(C)(C)C,23.91666667,0.083333333,1.216101695,0.021042926
Cc1c(Cc2ccccc2)c(=O)oc2cc(OCc3nnn[nH]3)ccc12,23.83333333,0.333333333,1.211864407,0.026630217
Clc1cc2c3CCCCc3c(=O)oc2cc1OCc1nnn[nH]1,23.83333333,0.166666667,1.211864407,0.022219656
Cc1cccc2c(c[nH]c12)-c1nc(n[nH]1)C1CC1,23.83333333,0,1.211864407,0.020540075
Cc1ccc(cc1)N1NC(=O)\C(=C\c2ccc(o2)-c2ccc(cc2)[N+]([O-])=O)C1=O,19,0,1.206349206,0.0063828
COCCN(C[C@@H]1CCCN2CCCC[C@H]12)Cc1cc2c3ccccc3c(=O)oc2c(C)c1O,18.91666667,0.083333333,1.201058201,0.008269116
O=Cc1coc2ccccc2c1=O,25.3333,0.25,1.197628,0.026473
Cc1c(OCC(O)=O)ccc2c1oc(=O)c1ccccc21,23.5,0.166666667,1.194915254,0.021954371
C[C@]12CCC3C(CC[C@H]4CC(O)CC[C@]34C)C1CC(N)C2O |r|,18.5,0,1.193548387,0.008284217
Cc1c(OCC(N)=O)ccc2c(C)c(C)c(=O)oc12,25.33333333,0.333333333,1.192156863,0.036291074
Cc1cccc(OCc2nnn[nH]2)c1C,23.33333333,1.166666667,1.186440678,0.062637706
CCOc1ccc(\C=C2\C(O)=NN(C2=O)c2ccccc2)cc1,18.66666667,0.166666667,1.185185185,0.012300494
O=Cc1coc2ccccc2c1=O,25.16666667,0.166666667,1.184313725,0.033443268
O=C1CNC(=O)C2CN(Cc3ccc-4c(Cc5ccccc-45)c3)CCN12,18.33333333,0.166666667,1.182795699,0.013528399
O=c1[nH]n(-c2nncc3ccccc23)c(=O)c2ccccc12,19.41666667,0.583333333,1.182741117,0.052303843
Cc1c(OCC(N)=O)ccc2c1oc(=O)c1ccccc21,23.25,0.25,1.18220339,0.023729448
OC(=O)C1CC2CCCCC2N1C(=O)c1cnc2ccccc2n1,19.33333333,0.333333333,1.177664975,0.043275354
COc1ccc(\C=C2\C(=O)NN(C2=O)c2ccc(I)cc2)cc1,18.5,0,1.174603175,0.006214832
O=C1\C(NS(=O)(=O)c2ccccc12)=C\c1ccc2OCOc2c1,18.16666667,0.333333333,1.172043011,0.022992578
Fc1ccccc1Cn1cc(\C=C2\C(=O)NN(C2=O)c2ccccc2)c2ccccc12,18.33333333,0,1.164021164,0.006158842
OC(=O)C1COCCN1C(=O)Cn1ncc(=O)c2ccccc12,19,0.833333333,1.157360406,0.063144877
Cc1c([nH]c2c(C)cccc12)C1NCCc2[nH]cnc12,24.58333333,0.583333333,1.156862745,0.041976951
O=C1NC(=S)S\C1=C/c1coc2ccccc2c1=O,24.5,0,1.152941176,0.031649366
OC1=NN(C(=O)\C1=C\c1ccccn1)c1ccccc1,22.66666667,0.833333333,1.152542373,0.046659
CN1C(=O)N(C)C(=O)C(=Cc2coc3ccccc3c2=O)C1=O,22.66666667,0.833333333,1.152542373,0.046659
Cc1c(OCc2nnn[nH]2)ccc2c3CCCc3c(=O)oc12,22.58333333,0.083333333,1.148305085,0.019918713
O=C1NN(C(=O)\C1=C1\C(=O)N(Cc2cccc3ccccc23)c2ccccc12)c1ccccc1,18.08333333,0.083333333,1.148148148,0.008055969
Cc1cccc2c(c[nH]c12)C1=CCNCC1,24.33333333,0.666666667,1.145098039,0.044411003
Cl.Cc1cccc2c3CCNCc3[nH]c12,24.16666667,0.166666667,1.137254902,0.03218891
Fc1ccccc1-c1ccc(\C=C2\C(=O)NN(C2=O)c2ccc(Br)cc2)o1,18.16666667,1,1.135416667,0.0625
O=c1[nH]c-2c(COc3ccccc-23)c(-c2cccnc2)c1C#N,18.5,0.166666667,1.126903553,0.03795207
O=c(oc1c2ccc(OCc3[nH]nnn3)c1)c4c2cccc4,21.167,0,1.120599,0.023065
COc1cccc2-c3[nH]nc(C(=O)n4ccnc4)c3CCc12,18.33333333,0.333333333,1.116751269,0.041540094
OC1=NC(=O)N(C(=O)\C1=C/c1coc2ccccc2c1=O)c1ccc(Cl)cc1,17.75,0.583333333,1.109375,0.036458333
Cc1c(OCc2nnn[nH]2)ccc2c3CCCCc3c(=O)oc12,21.75,0.083333333,1.105932203,0.019217574
OC1=NC(S)=NC(=O)\C1=C/c1coc2ccccc2c1=O,17.66666667,0,1.104166667,0
CC1=C(C(N(N1C)c2ccccc2)=O)/N=C/c(coc3c4cccc3)c4=O,14.38866667,0.055666667,1.102101259,0.010320238
Cc1c(OCC(O)=O)ccc2c(C)c(C)c(=O)oc12,21.66666667,0.333333333,1.101694915,0.025217991
Cc1c(OCC(N)=O)ccc2c3CCCCc3c(=O)oc12,23.16666667,1.166666667,1.090196078,0.062528775
[O-]c1ccc2occ(\C=C3\C(=O)N=C4SC=CN4C3=[NH2+])c(=O)c2c1,17.41666667,0.083333333,1.088541667,0.005208333
Cc1ccccc1CCNC(c1cccc(c1)C#N)P(O)(O)=O,17.83333333,0,1.086294416,0.035251184
FC(F)(F)Oc1ccc(cc1)-c1ccc(\C=C2/C(=O)NN(C2=O)c2ccccc2)o1,17.33333333,0.166666667,1.083333333,0.010416667
Cc1cccc2c(CC(=O)NC(CC(O)=O)c3cccs3)c[nH]c12,17,0.166666667,1.079365079,0.012024709
Fc1cc(F)c2nc([nH]c2c1)-c1cn(nn1)C1CCNCC1,17.66666667,0,1.076142132,0.034921734
CCOC(=O)c1ccc(cc1)N1NC(=O)\C(=C\c2ccc(Br)cc2)C1=O,16.91666667,0.25,1.074074074,0.016859666
CC(O)CC1COCCN1C(=O)NCCc1c[nH]c2c(C)cccc12,16.91666667,0.083333333,1.074074074,0.007764692
N=C1N2C=CSC2=NC(=O)\C1=C\c1coc2ccccc2c1=O,16.91666667,0.083333333,1.074074074,0.007764692
COc1ccc(OCCn2cc(\C=C3/C(=O)NN(C3=O)c3ccccc3)c3ccccc23)cc1,16.91666667,0.083333333,1.074074074,0.007764692
CCCc1cc(=O)oc2c(C)c(OCc3nnn[nH]3)ccc12,21.08333333,0.083333333,1.072033898,0.018657597
NC1(CNC(=O)Nc2ccn3ccnc3c2)C2CC3CC(C2)CC1C3,17.5,0.166666667,1.065989848,0.036051283
CN1[C@H]([C@H](CNC2Cc3ccccc3C2)CC1=O)c1ccncc1,16.5,0.333333333,1.064516129,0.022739239
O=C(NC12CC3CC(CC(C3)C1)C2)C1CN(C2CCCC2)C(=O)C1,16.5,0.166666667,1.064516129,0.013046536
Cc1cc(O)n2nc(nc2n1)C12CC3CC(CC(C3)C1)C2,17.41666667,0.25,1.060913706,0.037645209
CCc1c(C)c2cc(Cl)c(OCc3nnn[nH]3)cc2oc1=O,20.83333333,0.5,1.059322034,0.031124493
O=C1NN(C(=O)\C1=C\c1ccc(\C=C2/C(=O)NN(C2=O)c2ccccc2)cc1)c1ccccc1,16.66666667,0,1.058201058,0.005598947
Clc1cccc(c1)N1NC(=O)\C(=C/c2ccc(Br)cc2)C1=O,16.91666667,0.75,1.057291667,0.046875
Fc1ccccc1C(=O)Oc1ccc(\C=C2/C(=O)NN(C2=O)c2ccccc2)cc1,16.58333333,0.083333333,1.052910053,0.007683115
COC(=O)C(Cc1ccccc1)c1cc(=O)oc2c(C)c(OC)ccc12,16.83333333,0,1.052083333,0
OC1=NN(C(=O)\C1=C\c1ccc(Oc2nc(Cl)ncc2F)cc1)c1ccccc1,16.83333333,0.166666667,1.052083333,0.010416667
Cn1c2ncc(cc2c(=O)n(C)c1=O)C(=O)c1cc(Cl)ccc1O,17.25,0.083333333,1.050761421,0.034473877
OC12CCCCC1CN(CC2)C(=O)C1(CCCCC1)n1cnnn1,17.16666667,0.166666667,1.045685279,0.035419534
Cl.NC(CNS(=O)(=O)c1cccc2ncccc12)c1ccccc1,17.16666667,0.666666667,1.045685279,0.052920473
Cc1cc(=O)n(CCN2CCOC(C2)c2ccccc2)c(=O)[nH]1,17.08333333,0.083333333,1.040609137,0.034148052
OC1=NN(c2ccccc2)C(/C1=C/c(coc3c4cc(OC)cc3)c4=O)=O,13.55566667,0.200154385,1.038297546,0.017703987
NC(=O)CN1CCc2[nH]nc(c2C1)-c1ccc(cc1)-c1ccccc1,16.08333333,0.083333333,1.037634409,0.008987465
Fc1ccc(C(=O)Nc2ccc3OCCOc3c2)c(c1)-n1cnnn1,17,0.166666667,1.035532995,0.035104034
Fc1ccc(OCc2nnn[nH]2)c(Cl)c1,20.33333333,0.666666667,1.033898305,0.038159863
O=C(NCCn1cnc2ccccc12)C(c1ccccc1)n1cnnn1,16,0,1.032258065,0.007164728
O=C(N1CCN(CC1)C(=O)c1scc2CCCCc12)c1nc[nH]n1,16.91666667,0.083333333,1.030456853,0.033822298
Cc1ccc(C)c(c1)-n1ccc2c(nnc3ncnn23)c1=O,16.91666667,0.083333333,1.030456853,0.033822298
CC(C)(O)c1cncc(c1)-c1cccc(c1)C(=O)N1CCOCC1,15.91666667,0.083333333,1.02688172,0.00892777
O=C(Cc1n[nH]c2ccccc12)N1CCC2(CCO2)CC1,15.83333333,0.166666667,1.021505376,0.01287982
COc1ccc(OC)c(\C=C2/C(=O)NN(C2=O)c2ccccc2)c1,20.08333333,0.25,1.021186441,0.021474795
Cc1cccc2c(CCNC(=O)C3CCCN3C(=O)C3CC3)c[nH]c12,16.08333333,0.083333333,1.021164021,0.007562207
Cl.Cc1cccc2C(NCCc12)C(O)=O,16.08333333,0.083333333,1.021164021,0.007562207
CCOC(=O)c1ccc(cc1)N1NC(=O)\C(=C/c2ccc(OC)cc2)C1=O,16.08333333,1.416666667,1.021164021,0.090109218
Brc1ccc(CN2C(=O)S\C(=C\c3coc4ccccc4c3=O)C2=O)cc1,16.33333333,0.166666667,1.020833333,0.010416667
CN(C1CCCc2ccccc12)C(=O)c1ccn2cnnc2c1,16.75,0.25,1.020304569,0.036443943
CC(=O)N1CCN([C@H]2CS(=O)(=O)C[C@@H]12)C(=O)c1cc(C)c[nH]1 |r|,16.75,0.083333333,1.020304569,0.033496616
Cc1cccc2c(c[nH]c12)-c1ccc(cn1)C(N)=O,21.66666667,0.166666667,1.019607843,0.029067371
CCc1cc(=O)oc2c(C)c(OCc3nnn[nH]3)ccc12,21.58333333,0.916666667,1.015686275,0.051363465
Cl.Cc1cccc2c3CCNCc3[nH]c12,21.5,0.5,1.011764706,0.036400887
NCC1Cc2c(O1)ccc1cc(ccc21)-c1ccc[nH]c1=O,15.66666667,0,1.010752688,0.007015463
CCN1C(=O)NC2(CCN(CC2)C(=O)c2ccccc2F)C1=O,16.58333333,0.083333333,1.010152284,0.033171008
COc1cccc(CC(=O)NC2CCN(C2=O)c2ccccc2)c1,16.58333333,0.083333333,1.010152284,0.033171008
CCc1nccn1CC(=O)N1CC[C@@H]2OCc3cnnn3[C@H]2C1 |r|,16.58333333,0.083333333,1.010152284,0.033171008
CCCCc1cc(=O)oc2c(C)c(OCc3nnn[nH]3)ccc12,19.83333333,0.166666667,1.008474576,0.01907831
Cc1cccc2c(c[nH]c12)-c1ccc(cn1)C(N)=O,21.41666667,0.083333333,1.007843137,0.027942832
CC1CN(C(=O)CN1C(=O)c1cnc[nH]c1=O)c1ccc(C)cc1,15.58333333,0.25,1.005376344,0.01757385
"CC(C)c1ccc(cc1)C(=O)NN1C(=O)C2C3CCC(O3)C2C1=O |TLB:22:21:20:17.18,THB:13:15:20:17.18|",15.58333333,0.083333333,1.005376344,0.008809064
COC(=O)c1ccc(cc1)N1NC(=O)\C(=C\c2cccn2-c2ccc(cc2)S(N)(=O)=O)C1=O,15.83333333,0,1.005291005,0.005319
O=C(NS(=O)(=O)c1cccnc1)C1CC11CCCc2ccccc12,16.5,0.5,1.005076142,0.044625061
Fc1ccccc1\C=c1/sc2nnc(-c3ccccc3)n2c1=O,16.5,0.666666667,1.005076142,0.052085297
Cc1nc2CC(CCc2[nH]1)C(=O)N1CCOC2(CCCCC2)C1,16.41666667,0.25,1,0.035846382
Cc1noc2ncnc(N3CCCC(C3)c3nnc4ccccn34)c12,15.5,0.166666667,1,0.012798259
O=C1CCCC2=C1C(c1ccccc1)n1nnnc1N2 |c:5|,16.41666667,0.25,1,0.035846382
CN1CCC2(CC1)CN(CCN2C)C(=O)Cc1c(C)[nH]c(=O)[nH]c1=O,15.5,0.166666667,1,0.012798259
Oc(cc1)cc2c1occ(/C=C3C(NN(c4ccccc4)C/3=O)=O)c2=O,27.77766667,5.281325128,1,0.404930269
CC1CC1C(=O)NCCC(=O)N(C)C1C2CC3CC(C2)CC1C3,16.41666667,0.583333333,1,0.04812122
CC1=NN(c2ccccc2)C(/C1=C/c(coc3c4cccc3)c4=O)=O,13.05533333,0.364369928,0.999974468,0.029182622
O=C(C1CCc2ccccc2O1)N1CCN(CC1)c1ncc[nH]c1=O,16.33333333,,0.994923858,
Cc1ccc(NC(=O)N2CCN(Cc3cccnc3)CC2)cc1F,15.41666667,0.25,0.994623656,0.017544349
OC1(CCN(C1)c1ncnc2CCNCCc12)c1ccccc1,15.41666667,0.083333333,0.994623656,0.008750062
O=c1[nH]c2ccc(cc2o1)S(=O)(=O)N1CCC2(C1)CCCNC2,15.41666667,0.083333333,0.994623656,0.008750062
O=C(CN1C(=O)c2cccc3cccc1c23)NCc1ccccn1,16.25,0.583333333,0.989847716,0.047899671
CC1COCCN1C(=O)c1[nH]c2CC(C)(C)CC(=O)c2c1C,16.16666667,0.5,0.984771574,0.044145774
C1CC(CN(C1)c1ncnc2nc[nH]c12)c1nnc2CCCCCn12,16.16666667,0.166666667,0.984771574,0.033530558
CC1CC(N2C(=O)NC3(CCc4ccccc34)C2=O)C(=O)O1,15.25,0.25,0.983870968,0.017515116
O=C(Cn1cnc2n(ncc2c1=O)-c1ccccc1)c1ccc[nH]1,15.25,0.416666667,0.983870968,0.027735546
Cc1ccccc1N1C(C=O)C(N2C(=O)c3ccccc3C2=O)C1=O,15.25,0.416666667,0.983870968,0.027735546
Cc1cccc2c(c[nH]c12)-c1nc(cs1)C(N)=O,20.83333333,0.333333333,0.980392157,0.031150506
CCc1ccc(cc1)N1N=C(O)\C(=C\c2ccc(OC)cc2)C1=O,15.66666667,0,0.979166667,0
Cc1ccccc1COc1ccc(\C=C2/C(=O)NN(C2=O)c2ccccc2)cc1,15.41666667,0.083333333,0.978835979,0.007403854
CN(Cc1ccc2ccccc2n1)C(=O)c1cnc(C)[nH]c1=O,15.16666667,0,0.978494624,0.006791565
Oc1nc2ccccc2cc1CNC1CCCCNC1=O,15.16666667,0.166666667,0.978494624,0.012717927
O=C1CCC2(CCOC2)CN1CCCn1nnc2ccccc12,15.16666667,0.333333333,0.978494624,0.022552307
CC1CC(=O)c2cnc3nc([nH]c(=O)c3c2C1)N1CCCCC1,16,0.5,0.974619289,0.043907876
COc(cc1)cc2c1occ(/C=C3C(NN(c4ccccc4)C/3=O)=O)c2=O,12.72233333,0.547051592,0.974468302,0.042717523
Cc1ncc2CNCCc2c1-c1noc(n1)-c1ccc2[nH]c(=O)[nH]c2c1,15.91666667,0.083333333,0.969543147,0.031869366
C(Oc1cccc2ccccc12)c1nnn[nH]1,20.58333333,0.416666667,0.968627451,0.033037608
Cc1cccc2c(c[nH]c12)-c1ncccc1C(N)=O,20.5,0.5,0.964705882,0.035425076
CN1C(=O)c2ccc(NC(=O)C3CCC=CC3)cc2C1=O |c:14|,14.83333333,0.5,0.956989247,0.032934828
COc1ccc2[nH]c3c(CCNC33CCN(C)CC3)c2c1,14.83333333,0.166666667,0.956989247,0.012638847
Cc1nnnn1-c1ccc(F)c(NC(=O)Cn2ccc(C)cc2=O)c1,14.75,0.083333333,0.951612903,0.008516507
Cc1ccc(cc1S(C)(=O)=O)C(=O)Nc1nnc2ccccn12,14.66666667,0.166666667,0.946236559,0.012599784
O=C(Nc1onc2CCCc12)c1cc2ccccc2oc1=O,15.5,0.5,0.944162437,0.043201399
CCOC(=O)c1ccc(cc1)N1NC(=O)\C(=C/C=C/c2ccccc2)C1=O,14.83333333,0,0.941798942,0.004983063
COc1ccc2c3ccc(OCC(N)=O)c(C)c3oc(=O)c2c1,19.83333333,0.166666667,0.933333333,0.026794516
O=S1C(C)CN(C(CSc2ccc(C)cc2)=O)c3ccccc13,17.55566667,0.055666667,0.908051724,0.005354968
COc1ccc2c3ccc(OCC(N)=O)c(C)c3oc(=O)c2c1,19.25,0.25,0.905882353,0.027509886
[O-][N+](=O)c1ccc(cc1)-n1cccc1\C=C1\C(=O)NN(C1=O)c1ccc(Br)cc1,14,0.166666667,0.888888889,0.01158008
[O-][N+](=O)c1ccc(cc1)-n1cccc1\C=C1\C(=O)NN(C1=O)c1cc(Cl)cc(Cl)c1,14.16666667,0.166666667,0.885416667,0.010416667
CC1CCC(NC(Cn(c(=O)[nH]c2c3cccc2)c3=O)=O)CC1,17.0835,0.0835,0.88362931,0.006160919
Fc1c(NC(Nn(cnc2c3cccc2)c3=O)=O)cccc1,17,0.509211482,0.879310345,0.026698935
Cc1c2oc(=O)cc(C)c2ccc1OCc3nnn[nH]3,16.5,0.38509263,0.873524273,0.027182639
Cc1ccc(cc1)N1NC(=O)\C(=C\c2cccn2-c2ccc(cc2)[N+]([O-])=O)C1=O,13.33333333,0,0.846560847,0.004479158
FC(F)(c1c(NC(Nn(cnc2c3cccc2)c3=O)=O)cccc1)F,16.33333333,0.166666667,0.844827586,0.009589665
[O-][N+](=O)c1ccc(cc1)-c1ccc(\C=C2/C(=O)NN(C2=O)c2ccc(Cl)cc2)o1,13,0,0.825396825,0.004367179
O=c1[nH]c(CCCC2=O)c2cc1C(NCc3ccccc3)=O,15.44433333,0.444333333,0.798844828,0.023323465
Cl.Cl.Cc1noc(C)c1-c1nc2C(NCCc2[nH]1)C(O)=O,16.66666667,0.5,0.784313725,0.031893289
Clc1c(Cl)cc(NC(Nn(c(=O)[nH]c2c3cccc2)c3=O)=O)cc1,12.75,0.417,0.659482759,0.021816796
Cc1c(OCC#N)ccc2c1oc(=O)c1ccccc12,12.222,0.111,0.647043253,0.014556719